"","Dreissenids","variable","Mean","Median","Min","Max","SD"
"1",0,"CA.SA",16.5906625739833,8.681141439,0.740343348,210.4247104,30.5501116385176
"2",0,"Mean_Depth_m",5.75,4.7,0.4,21.3,3.85915157093598
"3",0,"Percent_Ag",6.35762711864407,1,0,44,11.0954045067725
"4",1,"CA.SA",32.575834076875,8.6438615055,4.4873502,189.8550725,63.8970685912337
"5",1,"Mean_Depth_m",6.325,6.4,3.7,9.9,1.91814642670619
"6",1,"Percent_Ag",21,20,1,48,15.8745078663875
